"","inflace","inflation","prices","cena.elektriny","cena.plynu","cena.zlata","cena.nafty","cena.benzinu","cena.nemovitosti","cena.bydleni","cena","cena.ropy","nakup.zlata","PC1","PC2","PC3","PC4","PC5"
"2004-01-01",22.5825470955413,40.0967385589468,-18.4770689875199,-28.0317191468602,-3.66414728148096,-12.5398504592154,0.625844433019657,-2.88189147567875,-22.0988104484464,-12.3209594980971,-1.32493462945467,-17.4182599501339,53.9490580629545,-2.73387732172719,1.20136497403561,-3.96061403784402,-6.04213373749459,0.143463513843268
"2004-01-02",-21.2058440285915,-6.42440385579058,8.16480295289775,23.8643002965037,-1.51132917690054,-13.6173506777784,-0.11024508773915,-3.33606508658929,-16.8312996708255,-6.65557998367967,-3.06011116902621,-15.0512212281252,-36.6702856448961,-1.72595103057402,0.147763725494421,5.49075213242134,1.46688937954085,-0.195329788098948
"2004-01-03",12.3194458564111,-7.47025459009802,8.94652077153576,-25.9955801881443,-0.676678119751145,-15.1280495610232,-4.63550040489168,-6.87073956176658,82.7318354463682,-9.24790848528914,0.124904991537271,61.4060154768894,38.4614924788671,3.11201809944527,-4.09021976873061,-9.80723225711253,-2.41438500932538,-1.37614471805357
"2004-01-04",-23.5653641459218,-9.11937069290799,-8.6275215051223,16.3438332515808,-0.325016775556641,83.0419525501499,-0.145782938342718,-4.08233601150839,-14.1594524211694,-8.85268930388312,0.218060618963385,-22.6764658329573,-30.4903376145461,0.430113687105452,-0.256458911274579,6.02852245884004,5.4243074004058,2.01089169217535
"2004-01-05",34.6550960820771,-8.76848259618646,-27.7805093181208,26.3148177872555,-1.92071761898999,-11.5775442527337,-0.18237321017421,32.0745024995416,-11.2086263451521,83.3846504293548,-3.32036168779771,-23.0220930548461,-26.8105793864105,-0.107339830547391,9.23215831560623,-1.26932538810662,6.41904034472809,-0.838336655486993
"2004-01-06",-19.7994057724641,-9.68897301293689,64.1899166018192,-22.9146167182344,1.56065578108154,-11.1072497512022,-2.14911227346997,-3.66436299257154,-9.11879820743764,-10.2661735528652,3.56304078077323,16.7676903547707,-22.3102007446703,2.10475609850672,-6.98178977647496,3.77580464077459,-0.19247765143388,-3.34404218016691
"2004-01-07",-7.88547601128725,-9.81999151997409,1.37085094207021,-21.8808861544812,1.98939140655724,-17.3211577723812,11.989413784323,-6.50848562531748,-10.6079160091546,-10.7064577027446,2.49907275296142,-26.7583277601441,-16.6519297496891,-0.0834877980798137,-1.20885350946658,2.40034719852751,-0.887460988443945,-0.824149854248806
"2004-01-08",-10.2196083595583,-12.6439885649965,-34.7792889017753,71.2607559875583,1.49051931318152,-17.0636109859271,-1.83321875524508,-2.53856847873542,-5.21766981782296,-13.849801603665,0.310160261401499,-25.9319317314276,41.1811004845495,-3.99218678897822,5.37537227831194,0.0106183283948695,-3.25858375449988,7.57790960552792
"2004-01-09",-16.7642667325781,-14.9416706426458,-6.35046928449361,-21.4923723453632,-7.1136151651651,-16.1744797049857,-0.392691055968355,-2.6739088578163,-4.93268323564268,-13.2563044814827,2.96335186097451,44.8944745227395,-9.03851616229808,1.96371420842057,-2.32752116669955,0.0405868781407158,-0.725205149686757,-1.22464541325869
"2004-01-10",21.83374836964,-17.5947106957742,43.0475939524792,-19.1133425250147,43.5468409272482,54.4075703328535,-0.666721268357366,0.168146167405604,-3.94972891558189,-13.788640441987,2.95493900456221,67.9246078811874,-8.48216315627412,6.35115316221363,-7.51701164668436,-1.07313313446668,3.59648210842388,1.83881273172279
"2004-01-11",5.53702247955589,73.6469991936178,-11.6596210180445,43.2130658955443,-8.42430415732608,-15.3261921297826,0.322403222378591,1.48388657981407,-3.17730041692712,-12.8472923476944,7.2623151463029,-0.518966753798814,-8.82054789032374,-1.37159415142619,5.6474345856451,2.52670693584993,-4.61085076606342,-1.49742586188353
"2004-01-12",6.61327277116019,-17.407018628213,-3.31436277271359,-13.4952254051573,-9.06291138769773,-16.266179194922,0.27088443604464,-0.468670653550675,-2.87596608288315,-9.86496175565022,7.05159723816688,-24.3528571236847,-9.54833390222526,-0.313194353950244,-0.160713885843095,0.504316136029413,-0.924447049193113,-0.718085880887733
"2005-01-01",0.407402823033745,7.6940863385871,-32.6802449934559,-10.0643852435306,-12.0694530939555,10.7813150108423,0.615755016920495,-0.157275148632841,29.5802139941721,86.080023973688,-0.656877956862779,22.4659084266074,-13.3177995578873,1.35686533556383,5.40211445193792,-3.92282047396916,5.67081862474535,-3.54903357803372
"2005-01-02",-28.5278533790915,49.9605929752779,16.8707849126046,-9.80939335756353,-8.6208573879767,12.5128363178504,0.226239724037286,-1.90848691419113,-8.75950683788348,-7.41429644195361,-2.97741182429107,-19.4206733250484,-8.52508162142475,-1.36963428068291,-0.729526919007463,4.26885052649901,-1.60468966531782,-3.35775409723176
"2005-01-03",6.8505714279188,-1.29760870760133,18.5616606968854,-5.31030139960821,-6.49042872942894,-22.1888410398232,-3.95244136523965,-6.74019954401618,-11.8036033303662,-9.16632487362213,-6.37775299158434,-26.2170570936984,-12.9812418533483,-3.03171752263593,-1.71279937022504,1.40669453555077,-0.257030410500722,-1.75992663147637
"2005-01-04",24.6065486959542,-19.0077868235036,9.06641589407958,-8.5066217120568,-4.54852362822251,9.6019806722276,0.509807136041694,-5.13032368453181,-10.9946083568046,-7.82736605646574,-4.04533634157153,6.02773621018937,18.942819911508,-0.314190943120528,-2.15703711283385,-2.41962804565192,-0.0119658631391042,0.940046262311482
"2005-01-05",-4.53220380567852,-15.7179607398743,-2.00777444506668,-5.07137092855572,35.4460192853561,3.60330347022179,0.445747898942578,-7.15201286425568,-10.3434994396881,-11.6462866874775,-1.34449762574594,-14.9906163979651,33.4984699979132,-0.921457555862506,-2.19705779348063,-1.22482551035518,-1.16475195407362,5.25242944998846
"2005-01-06",1.38855143689079,-12.881960054043,-5.04422955571631,-2.12270475222142,-0.980784445685321,-12.7021601193081,-1.63766177241956,-6.53010957373181,-10.3943383577114,-6.36470005623323,-1.46279868919292,-15.3337969415746,28.0519674872922,-2.133988976003,-0.423448324327518,-1.41917575083614,-1.99107603533869,2.06551518733515
"2005-01-07",-16.3222617048219,-9.25648745849847,-4.87017624605494,-1.91087350664396,-0.460225951322531,40.3081737684516,-2.61580632269294,27.9865365761592,51.9758767848339,-4.87257359264833,-0.528470249022639,29.0072209902841,-9.23664267008774,4.87173995488625,-0.372574996516293,-1.39852475473296,3.15786958256892,-0.431613039742258
"2005-01-08",11.3798519174096,-9.10763040284705,-0.615094596685225,19.2153609367063,-1.89477083563633,9.39709267218948,-1.45142710240191,-6.73023341697783,-11.1444907283207,-6.64183308648821,-0.895990953696355,14.5037521786223,-11.0894275118887,-0.270488797597284,-0.0263563633788997,0.729727486007583,1.29571881172156,1.0052181243009
"2005-01-09",16.8714395148924,7.56754162017751,2.21894651381169,-5.55317509490437,-11.434578104921,-11.8824039295854,-0.0238876432660458,24.4477390642222,-13.3701178506267,-4.67425155722545,3.57859243276285,-9.99970640758883,-6.99485923477573,1.04786018795565,1.81085602792622,0.578912250997381,-1.22017837851274,-1.81281876505824
"2005-01-10",-3.42752063788575,10.641545212508,0.620172103726631,-6.12876181830186,-21.2116218274554,-13.189057404212,8.62387755439817,-5.83650757206343,-15.2395581056513,-6.59501452821408,7.06890125070321,15.2054175579319,-5.10341927237818,0.973092195008396,0.378643446868346,1.51321828608026,-2.66529227083236,-2.23841580666204
"2005-01-11",7.37877821703393,8.61029874735901,-9.08388051385487,-9.75696994148886,-13.6202667269773,-8.81152337931386,0.534797455187351,-5.64706882116246,19.6804758179182,34.957906555594,0.874999066796548,-7.0631664699816,-4.1067170500542,-0.584987865150544,2.28410621584574,-2.27622319223672,1.08031668185903,-2.86506985930949
"2005-01-12",0.453935975321727,-7.95552533399746,4.79669179880131,7.02237347660067,9.26699208234334,-7.07116622050501,0.100767703272177,-7.20215559649956,21.3263277220486,-5.86465288253319,5.89111508729091,-6.96216196581695,-1.97907569597867,0.357084153883048,-0.616608292609079,-0.497823521389123,-0.546959166741453,0.952886861292474
"2006-01-01",-19.7530265061212,-0.366226626723003,5.96612364538428,15.9408483570185,8.78631641577791,-7.34332779079254,0.0631273185668098,-6.49328963355409,-24.8729746308098,-11.7245571833664,-1.59052617910838,-8.20850154147437,-2.89311398566363,-1.62908648932115,-0.686001838356178,3.56729845376906,-0.777489392206741,1.87856177530021
"2006-01-02",2.75933401167005,-12.8727339786108,-5.44336543171119,-6.33407541756907,12.0555954732644,6.75036033565487,-0.647360459109652,-6.07284115119752,10.6890539929998,-5.77590745210313,-4.49284852637119,-3.04063076700554,2.28976997636874,-0.48687020650389,-1.38731118786693,-1.41523493080828,1.20894690499042,1.39045685076468
"2006-01-03",-8.41462446140316,7.09605034993132,1.28699136941369,-3.36489912016836,24.0067074833198,13.4108497974206,-5.14701403317984,4.26710646689228,-21.4532930436178,28.9150342631332,-0.474978173498968,-10.7825620095309,-1.77622422998501,-0.319477809866293,0.612808600854004,1.39477655084819,2.41577632420467,1.18694841947221
"2006-01-04",-9.29738880467128,0.505063050200105,-8.15678273087568,15.588356897156,-17.7245813795615,-9.42576205551805,-0.69555256469123,21.4269717262416,26.810652709978,-7.28131120139527,-0.672764121027235,4.79347180813352,0.0046856348732176,1.07800811380707,2.27814389715894,-0.476041595492243,-0.811444790752744,-0.805478534495195
"2006-01-05",2.92511708239242,3.9140799500004,12.8204976324945,-4.82681598956986,-20.4032324300706,-4.05187282251329,-0.770398834583077,2.95527194638266,8.91671240712869,-11.6355361140919,-2.50212800274271,6.10635971375571,-0.582816178719677,0.0420138949697948,-1.10320700555381,-0.349124132215661,-1.01598862739896,-2.38064203710061
"2006-01-06",-6.79950230421657,3.27009796870986,-18.5425849738582,-1.46508674737934,29.1445805615351,-3.09380218617507,-2.93777364136789,-4.8324959859044,19.9592271221318,-7.34715713348885,0.670663407419347,6.55716747445776,-0.247920468447538,0.160783192154061,-0.17556096215814,-1.43376273879518,0.177956518669453,2.22977107140669
"2006-01-07",6.84430992489239,7.41558789713256,21.3048408401001,-0.840192435945664,-16.360244221455,-8.81993407254734,4.00011667293604,-7.7255210588243,-12.5772041022965,-6.84823832054513,-2.10391567880134,-7.30782628937187,1.24486759506566,-1.19240486854974,-1.21080946171116,1.03537278019609,-1.6364924132924,-1.85076252530746
"2006-01-08",7.29679551606986,10.8114874738501,-4.12563799478621,-8.38658806688208,-15.8049564560964,3.97781651998839,-2.95590777126876,-3.48789068036215,-6.66855541350011,13.1029083402837,0.817663889598037,-6.17594131277438,-1.77474018039912,-0.985977117158505,1.07056475876136,-0.314531180595996,0.242501136788373,-2.06887691481454
"2006-01-09",9.53875508249857,-7.26629798205922,16.0228426314547,-1.8277541727795,24.6450689242913,21.4071516070114,4.35122802337128,-3.35551782756295,-5.86516633385507,-7.20910397578477,-4.41865245086966,-7.0440461107263,1.15300516305004,0.452833882173824,-2.51188750431478,0.292617628694135,1.49301929918798,2.12416741180181
"2006-01-10",7.31501403031339,-7.33020692171235,-9.77054956048559,-1.55538808449952,10.0975743177943,3.53105017866182,3.95918789421631,-0.436558838946481,-4.8164425392384,27.0493269933014,1.29667352374838,23.5687017668787,0.783617557850783,1.61763478389009,1.15613042499726,-1.59986086468313,1.84052756168037,0.739058987461357
"2006-01-11",-6.80346801417395,-3.49936591884501,4.33078004007771,2.66435660399095,4.91847853430978,-6.66086375016294,-1.1696975318137,0.956085536856546,-3.97824456602776,-7.21855798281567,4.32778849651942,-5.29225834895055,-0.480507787422049,0.160008820664043,-0.422580894281634,1.12613956385391,-0.922294526796366,0.728978888145987
"2006-01-12",-1.85551066919424,-3.65585277380499,-10.6155047811977,-0.652823654307904,-10.6543249029967,-6.62681290628351,3.48764831777924,-0.822130337621001,-2.13073345990766,-5.04420671299924,7.20333181974744,-6.10541603202172,-0.173998172586395,0.36788129867753,1.1878284480929,0.492162234628595,-1.45941248748838,-0.104981172541097
"2007-01-01",-3.18967356394528,-7.65721684013405,-15.2729300685463,0.169127549721493,8.40493718381068,-1.60528079150046,-1.45861646541803,7.66360652618403,-9.12837661077633,7.09279969411116,-1.41888214391819,9.73408220508505,-2.90916820151124,0.422911474294124,1.06733159942019,-0.113580877658974,1.21291283766436,1.13679074143329
"2007-01-02",-14.7988729944393,-6.70691355842185,-0.762215960759352,-2.02844911728931,-1.32427433075939,-8.65534260630686,1.13858814298776,-1.03923898800968,-5.36330850437737,-2.72927741191186,-2.96469758927349,5.09374231650882,1.89925313346504,-0.355493509261031,-0.681396185752409,0.707841683365561,-0.274868502687169,0.262916468447143
"2007-01-03",-7.09439141579791,10.7186814037203,1.88834402524791,0.0180742876881284,-17.3716528927605,18.861396914205,-6.05337304500017,-4.82258536647015,-7.30261605840555,-3.80906253396181,-3.59032033449376,-12.4563995890616,-2.54120369994482,-1.90760356275463,-0.262461822255083,1.51086782259077,0.525425310321162,-1.33849352282113
"2007-01-04",17.8496611296796,6.26531439871363,-1.59775765402064,5.9537465072028,0.818945451925604,-9.88345556148474,-1.26748804769279,4.66061095276016,24.3120005154842,-2.28553811182178,-1.69604964366849,-7.46476336993704,7.23970616754944,-0.412633246895136,1.03589670376521,-2.69276386095542,-0.759183792417251,-0.143743892326632
"2007-01-05",7.89898390548886,-5.18804840676149,0.337195130370361,-3.47901017733286,22.0621816089838,3.58219304876887,-1.00791078876587,-3.48775776721776,-4.23126896707122,-5.9198931378499,-4.43335688703044,5.26372693714531,-1.34779564340742,-0.188400760674071,-1.50794306099127,-0.687335296982232,1.08725699110626,1.6762216164414
"2007-01-06",-2.62015914660804,6.22854758803318,1.87106215404079,-1.14772362697392,-10.1328679790621,-2.11630676632768,6.09705819852182,-2.83947794767179,10.3932366993845,-1.74315839210191,-3.09671444353486,11.2798389730981,-0.973365070297635,0.408716849792574,-0.15447541050807,-0.408113662632987,-0.449999416412509,-1.34946619280271
"2007-01-07",-3.77087058298699,3.43461549254108,-5.38456240197776,-1.55327200737183,-8.38055534170389,5.50099089586527,-0.692707693101745,0.703544731241336,-6.5612035735912,-1.35588381401329,-1.70744249642202,-2.0198505154808,0.558957856053209,-0.561593313408891,0.402511223901314,0.508460106538186,0.0202756399155534,-0.407167728919139
"2007-01-08",-7.50945202388494,-4.84732359652176,16.1064705739812,-9.81377754399454,-7.68564715002722,-6.54503888708778,-2.4707867362073,-3.02415880609568,-2.61333632968649,-3.82589091958477,0.249528097204063,-5.6594743872556,-2.29051853719342,-0.45568842369829,-1.92919991521112,0.929028846016581,-0.46236072760133,-1.31637257824539
"2007-01-09",-7.45855948953166,-5.60294771821145,-3.82353698893269,15.0309464444218,-4.09600134332145,7.0405158244464,-0.985705540468009,-3.85711986909565,-3.77072869493312,-2.55905700205359,1.04860278196307,-6.29908803357981,0.807358188473885,-0.742036350462116,0.602001244354898,1.1895845118359,0.17601563709559,1.19754558081204
"2007-01-10",-4.29869888279669,5.7433556605559,-3.01657971870367,4.21778426630822,21.5137433962674,-7.47188847700063,-1.37898942019632,-2.02831174468018,6.29607121200754,10.6974801258185,2.68642909470044,-11.8518118962497,0.621654276406124,-0.34444022330893,0.755300688413136,-0.0928359733728538,0.114466798296699,1.36576106943863
"2007-01-11",6.9664207316361,0.984408981843711,-2.3149006559711,-0.647999311594835,3.49188695886866,0.69989472107711,4.49088140320034,-1.72581823307816,-3.84765470245782,3.42770130848734,5.64004440559081,14.1217562476462,-0.458787375735216,1.52101391484586,0.40394794783728,-0.363874939870849,-0.429163553828081,0.221889118709499
"2007-01-12",-5.75496538149459,-3.75157479303847,5.79515864153043,-2.6484746614548,-0.459590131817338,-4.25972421913263,-1.02657631045215,15.9023610901,-2.1657457687124,6.27983269153314,3.67812802472118,3.16258478697713,-0.148159874988753,1.62581872112505,0.421127784380898,0.514431057307548,-0.101068916545683,-0.358458508878788
"2008-01-01",5.24152826564398,-8.33243577928973,-3.80592252704126,5.49018145101349,-16.7790016983894,3.76813811156125,1.85235534310517,-0.205506848439238,3.67100890804425,-9.90538078812708,-1.78154564304211,3.85606924648597,-2.87921201800278,-0.0842883554184348,0.195120922705689,-0.186048615958842,0.0679994054729971,-0.472346115198769
"2008-01-02",20.767554906071,2.97308048725572,4.48075029460854,-2.95191353087675,-0.348739741855439,3.02053906275516,-1.95206984010979,6.7162698157553,12.6280416325123,-4.19875603405499,-1.62966395373712,5.6086076912106,1.87364861548107,0.637738313092994,-0.222137574964296,-2.16678470823606,0.13591344751921,-0.670366991767995
"2008-01-03",1.60726255563356,2.75388843423108,-4.09273100552131,-0.149908440778743,1.76335516724753,-3.16025865073266,-6.54566081971847,-9.44245438431691,-7.11930130344673,-6.74983929600981,-1.55758956429711,-13.5486558810589,-2.6223689194212,-2.29129257285391,-0.377418343112754,0.402499827147165,-0.0741944156666259,0.26701141495568
"2008-01-04",0.703372662649365,6.02869354648015,2.94616155680675,-4.37135352426353,8.52608807017351,-4.92352530463936,-0.0623019887321004,-7.14341108570959,-5.30981342658424,8.29444861799757,0.348699065371555,-5.22046940392204,-0.917382054176109,-0.6880577111591,-0.244177884113994,0.110410276510776,0.0348676521668008,-0.0621636020202507
"2008-01-05",-2.09524700000302,-7.69649714173928,-1.59389141720563,-1.96122751179863,-9.65854121452837,-0.476290872602706,4.89474910387381,5.5240671736895,-3.65821160616692,-9.81914291616318,0.623409760853008,10.8445711611726,7.41919313261785,1.11552834452608,-0.189162327067492,-0.112102239525044,-1.08651381782951,0.151940766817149
"2008-01-06",3.9470847948476,1.6119729607655,5.10883032509921,0.839255960418374,12.1899580365577,2.24128739115245,2.81472748743799,2.44968319117518,-2.9136016937573,16.6939236826581,-3.06656431910109,-2.31064303085633,-1.31069065344852,0.230171752742759,0.326650863836512,-0.179607053585502,1.37692778938651,0.354017098000516
"2008-01-07",-7.64215179458382,-6.29008502701648,0.0220604877150521,0.902904501878537,-5.01418048695199,3.2746631321971,-0.160029007909069,-6.72995793197198,-5.74793772077911,4.41753011381997,1.29609110456207,-2.78165874741699,0.117317913726156,-0.482250673102368,-0.211502922125599,0.785501300360728,0.290006614157062,0.143748675707529
"2008-01-08",-7.00418948956749,4.36804580601122,1.74248614934046,-7.33377565680769,-5.73433953614054,-9.09764317008324,-1.18510946070467,-1.23485462451158,-2.0797705426024,1.49754299833408,-4.64297572796088,3.54782495629648,-2.79525805823457,-0.823488533819689,-0.520572239391244,0.179429210432411,-0.0286844937273664,-1.32107643958661
"2008-01-09",5.42324679070009,10.5524916064121,-5.95812872790694,6.53477370954509,-3.55976097029999,4.16163502212365,1.05297032534457,4.15499115728587,7.48313702642295,7.31439690595084,-1.73993846935092,-2.12268111453946,0.239519088718644,-0.0950601275693359,1.67850692171371,-0.65436526623408,0.329386465034629,-0.445148461650676
"2008-01-10",-10.4758380769486,4.75513158940483,2.84833646787853,2.25672590950778,-5.61190971569333,9.50044583433201,-3.32555403208883,1.18429892633225,8.53414947342969,-5.16475049552974,0.102555566890132,-2.54273679408255,0.196384294317931,-0.0972911521755357,-0.34448473895697,0.628849217437154,-0.0445884660250203,-0.399585239490168
"2008-01-11",6.73033606310059,-7.14747848508195,1.54952345616755,-1.07394329031905,-7.29565963807426,3.52344414606513,-0.440923686397253,-0.312707917434816,-5.6253639009696,-4.17021384221362,3.26083860128417,-3.4365004670598,3.25851175984364,0.117380406869973,-0.157131278699405,-0.0554696249806419,-0.429015176709548,0.0891496881730971
"2008-01-12",8.5124806116518,0.306890479245528,0.631419822895246,-1.66482865167134,2.40478563474883,1.82010802379946,-0.632419880939112,2.76767858951191,-4.77756396898533,-1.69413213512234,6.28495750893374,11.6260705669179,-0.242359138304654,1.38591787724065,0.0570898362274549,-0.304058813384474,-0.519825580748064,0.124261829472267
"2009-01-01",3.01250492047225,-6.08361776779607,0.00217572354972617,-1.11658255069537,21.7372964316858,-1.89574682756258,3.57247329172883,1.11201783474121,14.2250817060102,-6.25539529073709,2.81131912968966,10.3412975210736,-2.78490968021344,1.82911618281099,-0.856069734520535,-0.932759923746378,0.131754604873382,1.48412854158731
"2009-01-02",5.96527304655751,-1.00006095541668,-1.03098223275797,-3.28003421287917,6.72835061649064,-1.16732084788975,4.04562364013655,4.76664362791738,2.89638811045052,0.35504033283035,-3.31417326867579,-6.51935109972031,2.00449920204513,0.159389368917256,0.159430151343807,-0.683105905745347,0.245504171079107,0.394633844493435
"2009-01-03",-10.7682778182217,2.55878753739262,-1.92429431084532,-1.19938580307474,6.40123775386442,-2.87209353289865,-0.27039180784946,-3.6592314431732,-4.13668114553627,-1.29223205962913,-2.51947296690621,-10.2898017375084,-2.45497008408242,-1.08332261975909,-0.278160342693894,1.06402566722215,0.109961214832313,0.420511967779136
"2009-01-04",-0.207075013269545,4.67545925137012,4.54406853091581,8.95924991433024,-12.2218942485078,-10.9421967356407,-2.65760401523918,-0.463888131139169,-9.19454745863929,-0.33032973744773,-1.8315468767206,-5.11033573017182,-0.784399524935307,-1.47562734407963,0.601380070568046,0.867207653374419,-0.718921193178101,-0.815728640332314
"2009-01-05",1.45939802201445,3.79213516487914,-0.566514163663509,-4.25054327231511,-2.7923884385079,7.19820114756065,1.42887603899064,-0.900109858313365,2.58970017181251,-4.52630686343447,-0.775198720722209,-0.194015634877436,-1.48224064423932,0.140210997084326,-0.290838236319015,-0.0401357276638288,0.0294650365476405,-0.46550756501523
"2009-01-06",4.75351965689749,-6.48229649340494,-1.79497016992907,-1.75526192952345,-8.03027761268006,-3.90810516757042,-2.39858481860443,5.80186462651522,-6.46470402323748,-0.414934496092254,1.47750536497573,11.7844269452466,-1.27578192394794,0.586528819409684,0.206554141119299,-0.321555644036378,-0.0322171939180437,-0.479883848538027
"2009-01-07",0.416072907498481,0.0327437580242069,-5.81291775588362,2.00318448251136,12.679195438552,-3.69861400541199,-3.12078055511074,-0.601418029289024,2.90194584228111,-0.0930222964094016,-1.21716104570907,13.447068000839,5.0885691495845,0.0573467246342948,-0.163566827174392,-1.18354288925892,0.0933859650041059,1.20333515440796
"2009-01-08",1.50964208364577,-5.94429350451354,-1.27160973040899,3.69547723162234,-5.8826289011878,1.5362365696201,0.271756821990641,-1.2113129497978,-5.15365212518375,15.5836638340206,-0.340989131810382,0.64191870898959,-3.01302704420313,-0.189507950842949,0.849333421057672,0.0673714430686076,1.18740421940436,-0.297580546819237
"2009-01-09",-3.6073147649557,10.6049842003219,1.84865775619284,-0.507000494227677,-5.54971562589846,2.40267163913943,0.927454437936861,-3.92646539596953,18.6854902982001,-1.00280901244675,-3.62271312677876,-5.16322035740923,-0.167270119076819,-0.635954788030638,-0.119322856114982,-0.547822433350506,-0.0793175831349488,-1.14369933856845
"2009-01-10",-1.31891866976018,0.0443200036694726,-2.78046620151149,5.56258742036855,-4.72479773617563,-0.0809219108295043,2.69559674083094,-1.07511000516368,-7.10555067748706,-2.16623526250247,-0.0519462914688091,-9.8974201794645,-0.418131301107642,-0.618937009339146,0.707987774171839,0.940794251177346,-0.341460156280409,0.27170250479262
"2009-01-11",-5.92526356686683,-6.62159425046245,3.48513163328774,-7.42044606482472,3.46851897655961,-0.880327961273684,-1.27310625315001,0.249930772828729,-8.10711747458019,-1.85597745776148,1.83460954199413,-2.10532799495394,7.43626977678796,0.098954491638782,-0.980502838368408,0.255066697903177,-0.519420856610813,0.643313319615467
"2009-01-12",-5.88610051983862,1.69278523939908,1.82530184742176,-0.412140126348802,0.0955023155985568,5.30200060699636,0.425249178629581,-1.36595467413399,2.89060063546349,0.0552794317006036,4.68474198406206,1.94785909924156,-1.06768880622036,0.79212445616234,-0.144679985017182,0.551381431115479,-0.280356221516726,-0.0481123373300868
"2010-01-01",4.87094228745885,-0.83771248210846,4.45433159548256,-2.26470272554463,-0.645448821248609,1.47181044617003,2.51999397761898,5.28211261718586,11.0431644885184,-5.07080854154333,0.0371171392363507,-3.346297886385,-3.61332703298917,0.809462421727335,-0.231999593597599,-0.331302917885034,0.0198592619249763,-0.495998642824632
"2010-01-02",-0.586196383563667,-2.03995757198125,-6.11382414013084,3.39441201295205,4.60687141022718,-3.64816888447606,2.02644102905047,-1.36351001175271,-4.97799807840626,1.4793342888368,-0.392569535236838,1.20501548237022,1.29661213227521,-0.172373739138587,0.515159940035657,0.0306617310207078,-0.0363165921427742,0.855993484183287
"2010-01-03",2.27034595454933,-3.76691098142414,-2.54213399752391,5.29762682343696,-3.45897540572807,-7.20134687980387,-4.25627771591176,-5.08963350495804,-3.70353630575807,-0.228230896809987,-0.902063509574994,-1.15347316586873,0.95767312915347,-1.30568952567558,0.13245402620997,-0.229926568378234,-0.071985577243425,0.232161539006021
"2010-01-04",-1.87023454017507,5.3362186712513,4.72667299577902,1.01506085056634,15.0220217380023,-8.79743538115028,-0.545821186218095,-2.61762300880057,-0.65715468541009,0.769862961829218,-0.500556820276564,0.277794159186553,-1.316901471677,-0.260010718978684,-0.517944701431864,0.168471473381221,-0.212772383202402,0.589122212486833
"2010-01-05",-0.905544804567668,4.43935252345825,0.416534452741512,-2.63593402635459,3.55565669410479,13.8169772034467,-1.36167239490489,-1.77717755185132,2.23134087849272,-3.38992262769971,-1.73062806516535,1.44591557219965,-1.9598877509586,0.0176843955902119,-0.67334669655317,0.101543818803296,0.70951548578388,0.0504334234098427
"2010-01-06",-3.76181850576732,0.258426125804626,3.04577351287325,0.187126080844707,-6.98445643717326,13.532814339493,1.70596126223643,2.18300495166983,1.27218387790393,0.735187930690386,-0.44562844314644,-3.68234499866643,-1.74563763439477,0.375623194169952,-0.0276486826455548,0.702668587544389,0.571937265291782,-0.4540955995347
"2010-01-07",-1.24966059124903,-0.133028362135765,-2.11447900668401,0.273351257287165,-5.57720734304712,-5.4355510471712,-2.1211399595335,4.03793031455814,-0.265919062116289,1.07083832142112,-2.10799931751027,1.87359290593582,-0.373495164589884,-0.363001405743203,0.380486221227119,-0.167606198198682,0.0371850621057261,-0.50192712944928
"2010-01-08",-4.78183800710591,2.91702935227989,-0.641308324877674,-7.73226898663579,2.82435483630688,-6.14823033373752,1.00438075744864,1.64119276904031,-0.369439606884203,-1.26185502219684,4.06751440602034,2.12417040462537,-3.42844208701674,0.789718069569112,-0.120543365128093,0.406761894584656,-0.696828240129578,-0.42999894835312
"2010-01-09",-3.52454144771156,-1.5065979659313,-5.58917818194415,-1.63265970551975,-4.87934536931001,-2.22932512581661,-1.60693828672437,-2.86080230214047,-7.57821976080347,6.14229265728785,3.08513222068387,-2.62524187123449,5.46396410947035,-0.450286105275969,0.608648846585985,0.0676314768216385,-0.459734301890706,0.120080467765986
"2010-01-10",8.51221008992783,-1.94991304428958,-2.09558266100282,3.44166618098179,-7.5614475856755,0.772641780022003,-0.132988913796191,-0.70724666297091,6.70905977568513,-1.10070755782277,1.00168197849434,-5.41103775009139,-0.763126369023247,-0.239290644485171,0.591781550500875,-0.626905730897331,-0.0411146947215236,-0.337971367993267
"2010-01-11",5.65422063526505,-8.4984781801274,4.29273465244207,-0.536629332306171,-4.87515097902859,3.45879618538538,-1.39588483774304,2.91999436338521,-3.2141865092323,-0.870023718136672,0.2340207344578,2.32945837761754,3.11504541240957,0.272539447093966,-0.40893972207214,-0.371706717916968,0.20794317531923,0.0535984662425549
"2010-01-12",3.48585304112964,6.90718375227923,1.79720157648689,1.04305004118875,8.51590781342664,-4.13223124102489,3.04983032631448,-2.16123893886238,-1.19116032561343,0.800189980381693,-0.459464423837559,3.20484131624861,5.47367990356079,0.0792625137611838,-0.00892314021839241,-0.480368448585663,-0.676545255065374,0.516407443707284
"2011-01-01",0.0353652072634887,-2.5320315266832,5.59052803445849,-0.238139122988067,4.53903212999578,4.26422260346846,0.891934857581817,1.0214804971726,-3.01328839898332,-4.56694118380597,-1.65070686902656,-3.26711982494238,-4.20936524904849,0.0743894797188273,-0.755154132228791,0.685177241871656,0.478032973574417,0.271689035917696
"2011-01-02",-3.86597638205207,-2.95273938027001,-4.11623671469889,0.905449772517255,0.964591109400981,-4.17067171130057,1.12081352699798,2.04094949852611,9.77722456638763,1.71469591339966,2.64842901677025,4.67351524214696,0.638528247920433,0.793609221354152,0.42950718072941,-0.484794283925336,-0.239920251210479,0.174523577453755
"2011-01-03",5.54636303776789,-0.89815555342691,-3.68315558563593,3.29313874001082,-8.92801695862484,-7.03876469075133,-3.43947359997958,-5.02008236438713,1.86336187133143,-0.261375005421634,-4.13224239729791,-3.29565170775785,-3.76245642349677,-1.66573265609585,0.291511834391857,-0.530931414903204,0.352354024814206,-0.709764251631712
"2011-01-04",-5.91274335019717,-0.261118330392295,-2.6591071738668,-4.14186967921957,0.687612245383614,-9.45770317188488,0.997142286829902,-4.86811092171409,-1.18600913517883,0.65127594999901,1.94947953621041,2.10484337846194,0.139368047763104,-0.12932401447163,-0.146896998675848,0.116968149460654,-0.680739371537313,-0.100797254845926
"2011-01-05",-5.26657950783041,2.37592309217383,5.78599570156188,1.05469299749973,3.35587926176422,-2.66614056707507,0.907450435258924,-0.34770451824927,-0.39326619813426,-3.59395254274848,2.39962353553151,8.24219255263954,-2.32721915942815,0.736794095402039,-0.582322668130445,0.652124773489675,-0.541159180386213,-0.0205339736003369
"2011-01-06",5.86330692161292,2.85839268831127,-0.717032439861821,5.88924101426873,0.963509607152321,-8.46841315139301,0.816133269402796,2.37509506179661,-2.25099178607631,0.431736757574901,-2.93471157837357,-6.71378753247211,-1.96848699175231,-0.777830675125763,0.771857239530516,-0.0094995992432776,-0.0669631748812069,0.0391990090636398
"2011-01-07",2.3616249667742,3.13033419416195,-2.00955216097451,0.986954100280884,1.51850217794461,0.0451117415785482,-2.16991877536457,2.99263750120964,-2.68766331344978,0.667965890238924,1.7835828113386,-0.985569142115449,5.54813752916459,-0.00683794649990768,0.477409353419982,-0.317476854558159,-0.479429428617357,0.370920355545865
"2011-01-08",4.37046286848683,-1.17060337342968,-0.833139344476894,-7.11655307654602,1.82784635858667,26.3041614148547,-0.0982201083210601,2.45291921851595,7.68846225797022,2.14831333080617,0.0912183143314707,1.65201796569302,-0.545182396478029,1.1345210734357,-0.481053011289592,-0.643508807055235,1.54055849878551,0.00914450302795386
"2011-01-09",-5.83122525454932,-0.945225973648159,-0.0777670668520862,-1.11483072833393,-6.96807184574216,10.194795582618,0.236638797567294,0.807943410159292,-8.04067177976112,-0.634498205523933,-2.75904209154273,0.289615298952079,-0.691149203206705,-0.242063930551236,-0.217857729760961,0.875662081760186,0.577182754438045,-0.243008304346124
"2011-01-10",-2.56328043864083,0.42096124324009,-1.00543174720599,0.984303970525686,-2.57196428724495,-1.79500569917958,-2.20669732454063,0.911156565797879,2.79397862619426,2.96034913975887,2.01399939337614,-3.9989301446401,1.06296663937022,-0.152395808180353,0.4166576360414,-0.00468098990118268,-0.184597935521077,-0.148980276447792
"2011-01-11",-0.190076615034499,-1.3181015973512,1.96162536494366,-1.96918273040421,-0.807457905735326,4.89938051854758,1.61312125647642,0.488055108623026,-1.58189678925639,-1.9711194601616,-4.89717012355199,2.23881641833355,-2.07765525812643,-0.164376221468712,-0.575411624141133,0.105287571251493,0.706084668273079,-0.179761842145827
"2011-01-12",1.98061130135104,-0.824547880125141,-2.78139398756515,-0.192911258559452,-0.47031873997334,11.2914113916993,1.1414615840193,-2.32912604968898,2.81875441252801,-0.355882074276508,-2.0566299563067,1.44793100218938,2.4332202985258,-0.0158294545653425,-0.154287474968978,-0.470079059410507,0.597950012694274,0.302243468879784
"2012-01-01",-8.13082102199417,-0.175871374268155,4.76444619385282,0.722491675613556,6.49888594990254,-0.329076464245276,2.06619127877199,4.11764553028159,5.37425135732366,-1.77798955109744,-0.713847075955051,-0.690298493776858,-1.09758378858247,0.618742723651131,-0.41847359918289,0.52730183923235,0.0422803591406034,0.315678965256884
"2012-01-02",2.35263691731665,0.605216052868794,-1.05467106829621,1.82438731843139,1.11202660197018,6.54376986703916,2.3357276294835,-3.44887360100157,-0.462565806740711,0.579611502050953,-1.2050979522398,2.49186969095628,4.87066131066067,-0.027887734261092,-0.0534123572254065,-0.396772838793819,0.0834119903144831,0.502720650320081
"2012-01-03",5.14977586576298,-0.138404839564349,-2.73394245222488,3.17038303323745,2.40700020660678,1.98341753364187,-4.18390181619872,-2.09589359655148,-5.00375863123222,4.67950453917242,4.22384387161051,-6.23576414130474,-2.40997175848232,-0.370626751832478,0.623396957320504,0.171639859814097,0.259020224876905,0.37359256604569
"2012-01-04",-1.3149851833794,-0.268653031804274,1.25993518866742,-3.5511275050168,3.28772176307678,-7.95023190622826,-0.664746218303014,3.4067447881249,-3.86142763118311,-0.222639443758168,-1.67055534143164,2.4480232994475,-1.49461605918075,-0.0459720478310015,-0.246997581781615,0.0641307958927661,-0.0584350244830186,-0.136217035119544
"2012-01-05",8.32552399781003,0.601102975487311,6.67486729321929,0.358933052678627,2.22108113191892,-12.673380260155,1.32810164121224,-1.72218186640695,4.12301731242082,-4.2826628748569,2.803467511339,2.86866482815755,-1.94767203833031,0.362984271975219,-0.363742605047031,-0.480873993106383,-0.989284478501546,-0.323583320203155
"2012-01-06",6.41167249827591,-1.69445211456629,-5.81400222230948,0.873034476019252,-6.41573700751718,3.14107079197579,-1.54377895959448,-3.71089121241912,3.2806507105936,2.0469612650635,-0.260331555843202,-0.921023243360774,1.57277677131937,-0.563522619366793,0.45925196239524,-0.881032530219213,0.274847609296037,-0.172096668708553
"2012-01-07",-1.13374738554027,2.79946470509335,-0.0923633175272371,0.650300968603034,-0.105192921549097,-6.7286806786039,0.689605560687565,-1.80485769906412,-9.14066183066504,0.587125237324541,-0.27150111940815,-0.0265128394107856,0.251117934210097,-0.485503677645318,0.167204047703598,0.482362180083691,-0.492230638401031,-0.013876178010252
"2012-01-08",-8.69830543912848,1.7270703384747,3.30349629468116,-5.61621283915813,0.50958843670027,-5.27814897871914,1.06048061263592,4.98401727266093,-0.131563674458853,-1.58444012180727,0.737084023537037,4.69435518433754,-0.596384460393072,0.735585418266355,-0.393733919743158,0.497151744308861,-0.532713685522381,-0.462296271697015
"2012-01-09",-4.47338951746545,-0.81900906077081,-1.72168463198327,0.222502878119704,8.01910740997874,-0.196032784347139,0.694515903429112,0.667634718723036,2.77227487259599,2.98083554216358,-2.41222674238487,-3.58476656646354,0.503466263917703,-0.195001022643092,-0.0110979753610613,-0.0354157850460504,0.509996967277708,0.62614062728204
"2012-01-10",-1.35501176079013,-0.407746021047252,-2.25667182493174,3.23711038864057,-5.14396575778048,-5.33081340953094,-0.473970879034025,3.00202890100792,-1.93151520743948,-1.29850050203624,5.37736145269901,-3.75242766852914,0.278952635465185,0.305090077872616,0.850624446601971,0.487784563539005,-0.951525513866663,-0.0371549337998746
"2012-01-11",2.86862500358303,-3.10173303880323,0.103062774623339,-1.80090350062808,4.06135989747269,-1.78140653518998,2.62069704162781,-0.189891529520633,4.15416889111904,-1.10415249143934,2.48273864593588,1.60620323597109,-0.840298733060913,0.751202183982807,-0.122330112969854,-0.336257730158106,-0.200524352153043,0.254633392564615
"2012-01-12",-0.298104803235063,5.28792283065953,0.768950757977851,2.89331128352395,-2.62470540452047,4.4320032643417,0.413254709490397,-1.05597323121514,-3.93210108169396,0.384660380388191,-3.49982407035048,2.06902043216488,-0.397293674229336,-0.497147074733559,0.0589645899102645,0.287529488435165,0.296177010523662,-0.229000539236779
"2013-01-01",3.25304515021609,-2.16729851124678,4.72369827525914,3.72665753000424,0.321294817600261,-0.367105665223008,-0.397798255437205,0.341897805372936,3.13647468850428,-5.16387161049031,-2.98014407353048,0.184493548536605,-0.995968259158254,-0.293751761611305,-0.520552711203536,-0.158094765255465,0.202351035694304,0.0976731959070279
"2013-01-02",0.789984403037657,-5.4398666261932,-1.8346503662392,-2.11187348382692,0.755041756666881,-0.415461766411021,-0.880501166525823,0.848398583898594,-0.113819649413129,1.03918481074891,-0.133687826279427,1.6025050096052,1.89214248912973,0.0662275107591003,-0.127462151499187,-0.43746385988645,0.220165424195504,0.27816221290965
"2013-01-03",-1.35939533500526,-0.237143060709722,0.746846870482818,1.29369557433016,-0.129378351697529,-4.89701653228076,-3.15236987400816,-4.7256015018425,-2.06848964775767,-1.01546678403879,0.632961121106646,-5.88928554632037,-2.46862493096841,-0.937581570747395,-0.187437698037575,0.37884212116408,-0.127247682929151,-0.0297195462401796
"2013-01-04",2.18190499570837,2.57535738612447,-1.26739639762954,-4.15582446835784,-5.70266934811313,9.67744129395533,-0.483461274999156,0.835117719420257,2.86372444971566,3.97286037344201,1.29799237158839,2.92236371169165,4.33229175376966,0.445413812535445,0.177364920290813,-0.6397095930437,0.110025505085225,-0.482037474079861
"2013-01-05",-1.1715244432462,-0.61213796750983,0.139414797917651,-0.973773415096176,-3.22332253215658,2.46240020613478,-0.340860414370605,-1.23572809852521,-0.361947509256176,-0.196691917245325,0.331445687882905,2.47086705766147,-1.23520323994339,0.0508714168571882,-0.158719927689894,0.11612017725292,0.109292052354129,-0.263151639500159
"2013-01-06",-2.10426516666222,0.971185131108604,-4.43271150863876,0.813049653663088,-6.02867053588715,11.6178644073856,0.793008474626726,-0.344174945312372,2.63266564943731,2.01356844347486,-2.33560041987518,-1.22091347665276,-0.876530688079596,-0.165754793673392,0.357059894090703,0.0564263100585606,0.783152778398063,-0.243762565866589
"2013-01-07",-1.66857427436029,2.34398013944027,-4.79432939488416,4.86303779166551,10.1133436857865,-4.91087391407405,-0.967857515287188,1.44212106726763,-0.951667131300619,3.43436863653569,3.04998297598397,-0.228495535498673,0.640034217025251,0.191544884372166,0.786832422583846,0.0696174567908309,-0.246457834313193,0.969201317299888
"2013-01-08",-1.48996832680786,1.05240400257878,4.49345545134653,-4.39959279869025,2.00775430096449,-3.86523930773552,3.31439469141619,0.116241255680309,-3.88187685778988,-1.79474859774643,0.167505903852984,1.52474077684107,-2.25206642723254,0.408573201347415,-0.499916185944464,0.484711803037116,-0.360356823194093,-0.281635790240471
"2013-01-09",1.47811159599581,-0.71285716690957,1.36019975870441,1.44300613599299,1.79690253117164,-5.18802020690976,-0.140192863035592,-4.31489608156997,0.0826538065695051,-0.287024808925887,2.1271329228549,-0.722012685368594,0.803186047423606,-0.192661506939367,-0.122565800440157,-0.0981285006291309,-0.474236071323043,0.209928243449344
"2013-01-10",-3.87400815707066,-0.476051353327534,-1.40965011652918,-1.67512393741131,-7.37000725166239,-1.17775586527276,-0.391122523104596,2.04324157279808,-0.257433320284097,-1.39470245921085,-1.10653164878434,-5.91144570154462,0.668588223023712,-0.440802099989752,0.199093851379384,0.275742976299164,-0.191254587937557,-0.461808479329436
"2013-01-11",4.87913109756071,-3.34449559722504,2.71522180074079,-2.84587541060512,-3.168518211484,1.51669597588901,1.62110251995137,6.8750646143527,2.19195373145628,-1.02869605469909,-2.0244072222706,2.42541328884518,-0.360747341449762,0.61575709116508,-0.109031988727548,-0.448454064740009,0.30533382678924,-0.412226926902972
"2013-01-12",1.31316073826143,2.9641844868299,2.05986684427153,0.818197290409008,8.5531994611858,6.29415117993394,-0.723564300038083,1.10147103452851,0.409810659528565,0.698616148308661,-5.10153046319215,2.76388462381072,2.07609143616841,-0.257808208730294,-0.483464394330546,-0.391866017881449,0.802180605219584,0.543705613109691
"2014-01-01",-0.534929860768607,-2.57201264048423,2.69337142172905,0.621401453751389,-3.0930173420305,2.05908765488249,-0.671841752817727,-0.408169807013095,-0.217486669387911,-4.61141651138961,2.32358900899266,-1.2449881210458,-2.52874942997392,0.200064087873403,-0.312283424930127,0.482114702862892,-0.182713511677617,-0.108118592733765
"2014-01-02",2.97328971409051,-0.911506876885376,-0.940695513910793,1.79963675428359,-0.769606237102053,0.030178773988716,0.686566752315972,1.05795512584472,5.67111486940204,1.5368908131194,0.0377316598293902,2.88337948833947,2.27666488490617,0.277529780111919,0.261617495373307,-0.691927646438598,0.00393556030033307,0.0556938147599707
"2014-01-03",-1.20480970191487,-0.775709432856613,-3.43491657133029,3.22197212680404,-1.76436217960463,0.568071228413213,-4.74419053894405,-4.55642080556422,-3.14465925223515,-0.572509878398517,-0.327932989198857,-5.89805491926942,-2.16679896859986,-1.20682033340291,0.100511326709024,0.329534457495148,0.3121979242756,0.174360244923026
"2014-01-04",-0.447992862626435,0.00432394389736768,-1.30932871039576,-2.30881159155014,10.6849163572331,-7.21008829574822,-0.249772423233043,-0.960000063272945,-4.07094566325486,3.19984904971469,0.143104373245606,0.31453706353971,0.59393249692285,-0.128968411205914,-0.0954372625087222,-0.134219603791658,-0.0416342999962428,0.632128561176263
"2014-01-05",-3.58590579300619,4.78436152018286,1.23731361419832,-0.20802421395464,1.18683270644287,0.222253266033704,-0.281662045902491,-1.9951443601899,0.844881869280256,-3.18567147034023,1.98256380150285,0.26398313430665,-1.01374771600556,0.0843418251141677,-0.199720219593299,0.429252047706713,-0.490641618185004,-0.0930991963115754
"2014-01-06",3.75733515632163,1.38658164089776,-3.33743822821762,2.59485687505589,-5.21082932237329,-1.35209666705173,0.585631285837247,-2.12305241407569,-1.86719533632294,-0.170601717941027,2.18780487265472,-1.66001175186776,-0.662799779748191,-0.178734601428285,0.644711618385475,0.0262017276941449,-0.412083659750005,-0.182487349831521
"2014-01-07",0.469007721367412,-2.2217263286741,1.29831834967744,2.66090303330957,2.33887087421472,0.389350877152339,2.55818973866574,-1.35621760859432,2.84178151864243,0.0550078667988165,-0.554324552576162,-3.89980816257384,0.846040509750236,-0.0158517794024962,-0.0204822199074234,-0.0271563497002736,0.05859219219717,0.409982245859741
"2014-01-08",2.92794036142855,-0.390157921247612,2.43277666099716,-4.38492095750275,1.86600595285271,0.179031062335561,0.569006037611087,2.09797437382984,1.14848497105712,1.65978035056663,1.57241841156554,-1.74168077374365,-0.138066858695018,0.474685311104379,-0.126207775289739,-0.222647430837956,-0.0285969459227855,-0.181299583530751
"2014-01-09",-2.82365302325907,2.96772545355203,-1.85380556655592,-1.32551542327606,-5.71212135348018,-5.39970425799399,-0.157017424598727,-0.553091169408945,2.34992881432046,4.0013938574371,1.54126546684013,-2.58354315946286,0.825178891773671,-0.205871241805022,0.54594633808337,-0.0604611384010099,-0.485374384774976,-0.642504578995258
"2014-01-10",-0.84939122353947,0.40029777009472,-3.68086244377446,0.770642507934056,-3.08416172369436,-5.04004310424025,-1.56009529002504,-0.365410103731691,-3.97084716268212,-0.209238418559464,-3.51593402215025,-9.00031493794774,1.57389051994894,-1.32731758280656,0.363170021893702,0.0657650961429483,-0.0307301903053119,-0.00694683099400066
"2014-01-11",-2.76987041612203,-5.27237997084213,0.386802471510567,-3.18582096064533,4.91219672910386,9.00380554903825,-0.700018452326393,1.29595634913212,3.49785103890927,-1.94618663975931,-1.25734451298763,1.1092052901332,-0.572135591949373,0.384347810343298,-0.744895763180201,-0.0828252103447052,0.825324702811473,0.488545423188035
"2014-01-12",0.923900895161573,1.1641504018285,2.73582161582348,0.575620505855062,-6.03770093728349,3.96746869605296,1.98998754837794,5.41051289388281,-2.29682991148604,1.7695242361035,-0.902858755296705,11.8052320148269,-0.182537130126651,0.905077814963238,0.138144579015136,0.00423602893421264,0.154570513590672,-0.586774217707019
"2015-01-01",2.33555196671443,1.75580356313005,6.37370029406317,1.47619343468371,-0.355533079556944,5.9186131139713,3.07638291629207,4.78902217691607,0.0633348811298777,-3.55210975073971,0.953869715500559,9.15391465969849,-2.83461831206443,1.30647987570495,-0.282624013777408,0.342420507376598,-0.0212885986795169,-0.247846552679971
"2015-01-02",-0.202337461998702,-1.56643166227013,0.528432741819476,-1.36002117386202,4.93734311223129,-3.90130958929094,1.49525258943879,2.17351891732561,-1.16454444679375,2.85325423464197,2.06721773273021,14.1270559018471,1.98342467965712,1.11954930953241,-0.1042870413135,-0.421010668137717,-0.245294948612026,0.280529984912512
"2015-01-03",-0.426545881576324,-1.4133752072404,-5.17698893220388,3.04786428958049,1.9120522565885,-2.15443095723492,-3.87504353380822,-5.5224852065316,-2.09679943514452,-0.999089796003273,2.1007584500949,-2.80960487299851,0.552589502992531,-0.802514296347524,0.163861901882844,-0.00485622976992148,-0.159609190785219,0.609685195864397
"2015-01-04",-2.98938576911635,-0.556523688304816,-0.238107113074101,-0.599611556518485,-2.6314108082507,-6.34078976138939,-1.30292755206552,-2.85735393711125,-3.4089170205602,0.138083964219764,1.95318418572994,-0.958133122376626,-0.722028434149814,-0.363427736087949,-0.00291725167678554,0.346424987627856,-0.479879662842926,-0.200087925925026
"2015-01-05",-5.44695542632458,1.30033203016228,-0.87817083028477,-0.615516306667783,-2.12223606071776,-7.3166474796005,0.742880691296732,-5.82378770689913,1.12107933757894,-3.88262172372534,-0.82596801282223,-4.36980728379693,-1.36505804974329,-0.82635731426562,-0.259067602926772,0.381869764364252,-0.554372636192475,-0.227856461081407
"2015-01-06",2.72126743914531,-0.967305897842727,-4.32615315675548,1.96074049537738,6.36800205306353,2.2091510213235,-1.15363869163537,0.386527978740828,-0.024667291727523,0.384754936571098,-4.17478534390847,-7.74853916118961,0.911175698872255,-0.885116388711063,0.194788955684342,-0.342654218816878,0.728854347288184,0.772286511227792
"2015-01-07",5.25792192033315,3.5545280838655,2.43637293708482,1.8001623666657,-1.19439760775098,7.050746999537,-0.944892953478724,-0.508413476252047,-0.749359860465409,4.86267142920817,-0.470973171377466,-0.44307256311397,0.345301800728853,-0.114547658185441,0.187939992329654,-0.21584279929195,0.482601905837934,-0.217892423203929
"2015-01-08",2.64680269045847,1.44542734981234,3.81666662404166,-7.46197729074531,3.19167759482839,9.94526984256813,1.31263681644782,4.22998647938066,4.22944168310823,-0.430987265301077,1.05989746012007,0.283055822008331,-0.613910152089796,1.07161652759485,-0.508475304651526,-0.237678427368126,0.343774527029924,-0.26620672868445
"2015-01-09",1.82515743583502,1.86264158313233,3.77591977212569,2.38111257688269,-3.52750958756312,2.47137718008649,0.833326825219205,0.863128909350419,2.10298361753053,0.0121950632923268,4.4328721827505,-0.990805567418775,0.374231014005499,0.648959946486014,0.258922837912443,0.21110068508204,-0.537267069376117,-0.241144532867705
"2015-01-10",-1.35597117574187,0.138679957155198,-2.90503831687233,-0.623195776787543,-8.08702215078253,-7.16026553591899,0.506071867418533,1.01488967106617,3.6745482053524,-1.24494083777124,-2.4388923940605,-7.67286049691016,1.20794938885242,-0.803365647432195,0.452920691641812,-0.202542655049092,-0.390867179461742,-0.585452687359738
"2015-01-11",-1.43184077962093,-5.69053172630147,-3.69127461336681,-0.68012553024728,2.72186410901048,-1.10772075239971,-0.558028387257173,-0.359664180031527,0.0355869717682484,-1.02839268403809,-1.99486797271851,-0.828623419835711,1.14693002362576,-0.345818509873561,-0.172704440670069,-0.26195128721246,0.344468575415866,0.566775650106381
"2015-01-12",4.24078607395339,0.634491378647372,1.85653539423644,0.999835112415449,0.722473034719863,-0.761257837289666,1.13454553279217,-0.21167103846112,-2.56116610662476,0.626188188789248,-1.65267933546899,2.09847163775614,-0.381712673782158,-0.086853764548441,-0.0498561334628725,-0.150145662626188,0.129785174892349,-0.0267279418349576
"2016-01-01",-10.368707312203,-2.88536272777286,5.69320493576646,2.81892721740643,0.355147484543146,0.572686348724009,1.22350882005131,1.20027484139187,-0.00307344200654036,-2.75657580108943,1.19175201488689,6.67822261552592,-0.952035014950568,0.720403729735199,-0.603930522237947,0.9226246959773,-0.186507923452229,0.192351971345582
"2016-01-02",1.17657017109097,-2.25311683465238,-1.83295708750433,-0.0439944244442141,1.54576310571152,-1.65025767674519,0.735706882775638,2.79882432331319,0.188978974296546,2.47538120416222,1.4871656368408,7.71193802414725,1.9623953150884,0.718799283702393,0.25157913494974,-0.450234208017703,-0.0837153965839136,0.236076284232159
"2016-01-03",-0.964471336479487,-1.14557926110201,-4.21927323255477,2.33718400569338,-1.58178832055113,-2.30640036689612,-3.54126085089376,-3.68312705903225,-3.32334426982751,-0.550369806613054,0.702771958929759,-2.16414858422557,-2.37205252325875,-0.813340660138518,0.198335949828077,0.242814244887583,0.0736421166521033,0.12449416238354
"2016-01-04",2.46081994480678,4.44709780378544,-1.17448902331818,-4.17296697369273,2.6661828588971,-3.47687812029445,1.18956821159631,0.0412897124835432,2.79103113930228,0.333203217235417,0.779157303452578,-0.574799883312501,-0.523046612434758,0.177839844765478,0.114212445219186,-0.374355954129329,-0.34064240739655,-0.283713113408191
"2016-01-05",-4.00861854357515,1.03977906820439,1.29134964957795,-0.0515468571291728,-1.03320814928252,1.56314521225059,-0.605910464294075,-0.865858555208892,0.747520491986899,-1.94110320708425,0.223964713788192,1.75140290555838,-0.0424523800618876,0.0131230847662702,-0.289153479691809,0.264914258084818,-0.116503538314626,-0.0851435194026601
"2016-01-06",-0.0485832429579247,1.43437422710952,-1.32985757463357,2.70359728857449,-0.731390938427451,2.85648111475648,0.596751514387318,1.27219940210363,-7.19178386367603,0.182121052467501,1.00869972885688,-3.89199758224787,0.305382209363992,-0.0837551091651756,0.476936677427907,0.614604485576625,-0.117048678432767,0.28217185253078
"2016-01-07",4.27988367337725,-1.38155870427212,0.25944362146592,1.72190650352131,1.5177884978318,1.46561449455188,-0.0953213858425315,-1.69499978121668,0.289965841229623,0.515885144359889,1.84606424754281,-2.85119959458581,0.811109152030928,0.00490271259073966,0.103417587716876,-0.188409812998548,-0.0412385323822613,0.324919001963834
"2016-01-08",3.31350794920948,1.35179225871098,-0.707363217282282,-4.46790288107606,2.71628449378414,3.53627952753915,0.26396738625022,-0.822291343644486,3.37466653663749,2.20386124345742,-4.54324171439376,3.07610290244793,-2.17221911095837,-0.212395020689603,-0.386013226269004,-0.672856679243269,0.903466206427965,-0.303566767096826
"2016-01-09",2.13660620029295,-1.38854181093278,1.9047894050967,0.447517259365563,-1.1904818952344,2.23852905501365,-0.113583602812186,-1.05484043173525,1.35410762289401,1.62867836565761,0.90955641480258,1.00341562493226,0.791805744966284,0.145696025607072,-0.0927720986200685,-0.217798238412216,0.0897753508168468,-0.0405766949946903
"2016-01-10",-1.27918714012107,6.95585531675754,-4.18782927679186,0.442115486209884,-10.9077903060704,-6.03107482282536,-0.327237103981228,1.34099350630734,-2.09375239654475,-1.56811260595356,0.116535761810098,-6.18567789236918,0.58168767901877,-0.726632436494024,0.935831619637885,0.29168764834301,-0.89781036476634,-0.882742811159968
"2016-01-11",-3.58972147283726,-6.80499761303168,-0.385726166176863,-3.6159076867353,5.74330010610604,6.38350879886039,-0.277735902025302,2.21051283153649,3.24786176261047,-0.291219522768021,-1.36069589302939,2.15152059689521,0.476831872997677,0.471808437758445,-0.653799696622532,-0.209855953814566,0.799145040398746,0.592439687525612
"2016-01-12",-2.18793889150174,2.5634073196547,0.746625231303881,1.1286116486417,3.58349202953122,0.93204792273931,0.425985812801403,0.335227400000917,0.456085358221895,3.45970193699463,-3.04619481852929,3.4850760112484,-0.0952723037601583,-0.118519732208514,-0.0604334784286387,-0.0680109148310224,0.475748318017582,0.0773893433553397
"2017-01-01",-4.06827654989696,-1.91306495902799,3.1678361627114,2.01226244634696,-1.94425052292969,-2.53193168247815,1.52609689483792,1.72389470674792,-1.18084530315544,-4.82672146594873,-1.22945103092283,-0.528712654220482,0.290943875721511,-0.0100614285423416,-0.282504706618555,0.519040253085795,-0.329833299682469,0.0653388592052268
"2017-01-02",1.11508028029161,-2.15486315137273,-0.795167516318987,1.20525510625324,-0.891561253272233,-2.65376260341066,-0.0946524797940445,0.0770800303378696,1.79986857618479,1.56956303728374,3.89390743654995,2.81889672511776,2.12670995901515,0.500903193571022,0.298217735981131,-0.294116275038049,-0.468123716556262,0.145372866530002
"2017-01-03",5.61211811961569,-0.921369663287555,2.38167468287097,2.64234783814776,0.8429609689542,-3.2087921890249,-3.50456765081973,-3.65023551033894,-2.92379320490211,-0.291860475510708,0.937458604157783,-4.74329591253815,-2.28640212607734,-0.766859061316762,-0.124125327010362,0.0181247287994694,0.0418453139529903,0.0616920451526754
"2017-01-04",-1.42483681968033,0.99029355684703,0.126531071369016,-2.92263285324239,2.05762649257262,-4.26131496355595,0.0268803955022037,-2.09468619259095,0.971568286425063,0.764585291232026,-1.09049502142506,0.0271938585129456,-0.470715107925262,-0.290096412881495,-0.264405754986557,-0.15213090378128,-0.0422137003080911,-0.147122457629771
"2017-01-05",-7.35652152864454,1.90196097651312,0.292441923526617,-0.856042448682866,-3.67507017143682,1.89666334785636,0.032020703443679,-1.17070191405118,-0.290956278692937,-3.33684839019338,-0.750026581195115,1.53453771752185,-1.02343976822431,-0.133256234939975,-0.314891742663348,0.587933497262884,-0.146986658228133,-0.301297362838038
"2017-01-06",1.28783218752102,1.52623324449798,-3.36274827400156,2.87592442629679,1.72172100620767,0.924409932448818,0.088537847381994,1.81550490216708,-2.30833021465218,0.805806102256817,5.96446274211111,0.768913881380098,0.376099655369224,0.749662350216146,0.777036794242569,0.238440353350816,-0.555469875634959,0.42609891044442
"2017-01-07",2.30061751940452,0.93997742219607,-0.807430051218724,0.871056370519598,1.06587440925634,2.26795399433077,0.250320112409065,0.696454577752516,-3.90465009004284,1.15900042704765,-0.26841843096544,-1.31251147929334,1.93353143220382,-0.0965191582365818,0.221598735319689,-0.0210246020056966,0.0394036078923578,0.269245531884538
"2017-01-08",4.4092466768249,-0.2397168302904,2.54616382589891,-5.24227957059328,4.33579619930233,-3.35461928928114,0.51043692737044,-0.683410498116293,1.2434285347534,-1.27794716977124,-0.662280651903359,1.34066887009461,-2.01766854740414,0.121260200787155,-0.570852274644482,-0.418290140647421,0.0469466651290288,-0.189019263537862
"2017-01-09",2.30734980949651,0.106903884596278,1.47871716414373,0.749614013332838,0.500455604377418,1.65439192159418,2.03371398117666,-0.168533099648053,2.28624755039829,2.02194625651253,-0.214038781708382,-1.00614055506684,0.978484591901854,0.179763041301228,0.0834445823018006,-0.223529626536605,0.0815550009187051,0.0338680396339883
"2017-01-10",4.04058569606505,-0.545836445617477,-3.12307781406607,0.759725842763278,-7.13888197109911,-5.29949239237003,-0.303109007110684,0.979714993030567,2.9017715397982,-1.33178848392283,-3.91900307174964,-5.33271380077941,0.744435823854814,-0.937414739281088,0.424101975352646,-0.578838810255788,-0.0130618760939964,-0.471576576200665
"2017-01-11",-2.12091940966857,-4.30382683331077,3.16984900022768,-1.28278372759579,1.59017927643677,4.43081079319052,0.623222707726944,0.601648472895747,4.30676970779209,-1.21183916956148,-0.308178363637893,2.86700496007385,-0.384350684265806,0.504080662037023,-0.623889346095546,-0.0626761986065091,0.378198078387026,0.142470440479826
"2017-01-12",1.36058452369858,4.0178963834368,0.732591007869335,1.35753469178386,0.507219230218618,2.47328685903295,-0.797001536936086,0.589598065258941,0.36008956738765,2.3581448368202,-1.82102735867576,2.10247103394981,0.0560528826690438,-0.167179185811861,0.103660578819768,-0.176977796263673,0.30668900106168,-0.150804009659629
"2018-01-01",-7.44003178266503,-1.50525761118471,3.58419254943777,0.136984573491756,-1.94367529188564,2.50324419577899,0.179163585610691,0.841500395904714,-1.43174483000555,-2.10921601950415,2.16836635939272,-0.00940697199630325,-2.5452231941566,0.427322733135807,-0.334958558838157,0.972369993799336,-0.122475369143677,-0.107721384142912
"2018-01-02",3.93829020450874,-1.89445766942756,-0.914166145699674,-1.76413235725877,-1.69955164551049,1.08497049066618,-0.497368795354349,1.08737935781147,-2.67671435081607,3.11867219398429,0.413508341597492,2.1598146325378,3.31755188505895,0.109420480490968,0.149848783808046,-0.502764103220358,0.0475765346447056,0.0153910958891096
"2018-01-03",-4.36970679918199,-1.8083660472405,-3.27267896261677,2.57885078397894,4.22640495343363,0.233498120871632,-4.96306697271311,-4.74724254454852,-4.62605953205373,-0.911147608554185,-0.421156976062704,-4.58076577992226,-1.06855120411163,-1.11731148496976,-0.212316531829962,0.449440054372137,0.359183705439493,0.703026083196681
"2018-01-04",-2.10312299644846,-1.02096077988202,-1.08294542043154,-2.02989755392657,-1.43327037243901,-3.78266907286971,0.482888686912689,0.694015681410288,-2.72735532169146,0.0953491267720747,1.55149185630218,-1.07047113923296,0.704666584301947,0.0813386227220373,0.131722852901927,0.194290481690808,-0.40943268207769,-0.0579365951108158
"2018-01-05",-5.73126896338313,4.76644868700797,2.52784258541325,-0.00707479588240179,-1.04030788593951,1.41166481933231,1.40253660815804,-1.49629113183913,0.0134628322256365,-2.0560335860698,-1.10743724552016,4.17667758941416,-0.890527305735605,0.0616393535705039,-0.349667815998035,0.492482111410541,-0.192976736790701,-0.30916335167596
"2018-01-06",1.07229662729747,1.40976019757003,-4.80375313872693,2.62874898450961,1.15421377698107,0.75954038993418,2.26401714638606,2.44866312137261,1.10006121780767,0.207118473357294,3.61465829466326,-1.88143245899563,-0.551961215284367,0.633815362302755,0.888057426792891,0.134002034023905,-0.363066492923539,0.332893794028745
"2018-01-07",7.24429383369601,-0.157456382154662,0.0751595574438895,3.52773783414478,6.29609766530582,-2.57678656217445,-0.769237194297164,-1.71163976604848,1.60771366395829,2.68081036512503,0.389383338463915,0.7446559680629,0.944497228407926,-0.1264572786572,0.173120099296434,-0.684946594562207,0.127058730146021,0.523554422552007
"2018-01-08",4.20828709146106,2.67335743937759,2.49132886958271,-5.69259839982429,-0.638061597391975,1.18972740632034,0.353832169477251,2.00111077896621,5.75015087627872,-1.60100339640066,-2.97263301452389,-0.792676186989104,-1.9999496940898,0.000310340197526269,-0.413704070206968,-0.560538574678509,0.302287897342773,-0.722563965060236
"2018-01-09",1.96175432447735,0.0304862282829959,0.486457642848727,0.192294891245645,-1.67748324506066,-3.41217413069763,-0.259938227903493,-0.391396201682058,1.7873284794478,2.8540238651763,-0.49254527637882,-1.32999811659052,1.00295650232642,-0.258653541735281,0.172799881826063,-0.366670011251745,-0.0371951065436842,-0.220655269240364
"2018-01-10",0.485284163980285,-0.569320381761553,-0.18097413104088,0.240596056986609,-13.3766553898696,-2.28107629615633,0.484118136692094,1.9577974765358,1.46821965309701,-1.40135287734136,0.873434508132704,-4.66168664536187,0.793332333557838,-0.180270565638092,0.508123669940164,0.0730097866227056,-0.564087204539537,-0.87514745959473
"2018-01-11",-1.88592698881894,-4.27437704928564,1.04631588757307,-1.76372417706193,2.29257128833392,0.534209037909735,1.49132920441265,-0.219323458059789,1.93858500534019,-1.1830455650623,-1.44479670920279,5.53291683243261,0.688970424715678,0.339131140583765,-0.56184168729473,-0.230520748942152,0.230182261989348,0.238537758804255
"2018-01-12",1.54085674755972,1.11338047043926,-2.45240046419963,2.00670005660243,6.1596203186072,3.2159159150191,1.27692682285011,2.05752289563965,-0.625178264926683,0.513940511955694,0.163541139396656,3.85093158295166,0.0892647016784355,0.492363632617533,0.259732952360633,-0.109722658216505,0.21593100797015,0.599452138756854
"2019-01-01",-10.3144797557924,-1.3437392212049,3.33774271795444,0.916255752595054,2.65873487299438,0.885104063032088,1.45891380849738,0.598321987621666,-8.03409579218232,-3.82641827373234,1.27412170110246,1.82160225364864,-2.5521206651193,0.390206400036336,-0.494600602170169,1.47695389997401,-0.216863916574434,0.390101897644713
"2019-01-02",2.88595591544741,-0.709268439374336,-1.22177896762533,-0.848158933405228,1.74050824956835,0.728904136171465,0.974449859947955,1.15609129136729,-0.941355180749902,2.5322575836035,1.55286590136826,2.04180122089502,3.2853329045957,0.424750361544754,0.238428226685076,-0.410169344189033,-0.14555336026702,0.281079843634941
"2019-01-03",-0.599927404177276,-0.599505977113862,-1.64145477498477,2.63152645258273,-2.49588542128872,-4.86049445537089,-5.29917988499519,-4.36664026915385,0.447009770255372,1.63322542491242,-2.24819719823091,-6.64780182885276,-2.12609169407542,-1.53922552199186,0.0442816021936295,-0.0553302232002677,0.375261508475864,-0.184421955757544
"2019-01-04",1.29678766353774,-1.7987810154459,2.48750846114503,-2.84371641415386,0.877317729824542,-4.64919248325078,-0.58644025730533,0.326229668633464,-2.65616435391949,1.66685916896775,-0.244207455922364,-0.917140932592312,0.673264148552357,-0.151115273851528,-0.243984599064007,-0.131867356762867,-0.0724952382190896,-0.109500575816037
"2019-01-05",-7.70122703841544,1.00194814575357,-0.962473839065614,0.312611815059234,-2.69684130669005,0.772610574812692,0.599991632004074,-1.61246543278745,3.08277546546047,-3.45738653514505,2.12820435219895,0.550374051625945,-0.895791687270989,0.216044168276087,-0.0828212290288937,0.547045579585181,-0.448439670699379,-0.104457951172085
"2019-01-06",-1.37482130284916,3.62490002415962,-3.37597480953294,3.06835045947359,-0.114489776016775,3.42974476441441,-0.241719158174342,1.50427910751062,-1.02165288598489,0.753613719591604,-3.25225345619533,-0.183037939725469,0.449950714569672,-0.436040547644579,0.406781730512514,0.0545454279031234,0.377110376449825,0.132713915638581
"2019-01-07",4.32001604843508,2.03732381227892,2.42103264031074,2.0872541731311,7.41522398006068,-2.59732356869438,0.0218351727359973,-3.48423349282414,-4.70502717686167,1.1751538066689,-2.58008176097235,-1.23225145560857,0.953585469651388,-0.68070929161581,-0.270357932221743,-0.148380795178972,0.164911145665614,0.511987802188826
"2019-01-08",4.83267002528237,2.81059287786174,0.934545444661975,-6.10091126806723,2.72523848136828,6.04963223097418,0.124489507287977,0.102596407389499,4.31539017057938,-1.11661588422214,2.79377577806136,0.858530234868881,-2.03914059821288,0.739499328021153,-0.298960594920397,-0.370409794356308,0.0406962089002289,-0.30138755936677
"2019-01-09",3.1347979773809,0.110176910817708,1.0270177101404,-0.183847184226549,-3.07000940229502,0.328172525129965,0.490304080684798,1.58416878194018,5.2305479088691,0.328455447989483,2.00973740822798,2.94932215079692,0.915486452836796,0.566403096114318,0.157978845712142,-0.473906202200552,-0.257120162378525,-0.320179664575864
"2019-01-10",0.305953027176052,-2.60682413406859,-2.29263719088444,0.817747557201089,-8.91604942624456,-2.82254179806737,-1.13753429907193,-0.53025825175369,0.716662184577075,0.069649728436762,-2.00431143185983,-6.55231180247958,0.661547143432062,-0.89979898105523,0.328162253858137,-0.130986324475584,0.0161889237359912,-0.431747557684964
"2019-01-11",-3.41763291533096,-6.42907523643443,2.28242970059427,-3.23327910116078,-4.39369062718169,-5.28906862173994,-0.502217975703696,0.829000101738999,0.992250638879028,-0.715471936319245,-1.70257127379466,-3.52765374919025,-0.48712990604625,-0.35616126547942,-0.435941280959305,0.059376301748293,0.0692987339529359,-0.356307123330475
"2019-01-12",1.67646389606369,2.88775851090119,-0.717170603264183,0.453329541926545,3.23500125560469,-7.38198387997424,-1.05493024684041,-1.40061423301876,-2.03023784036456,0.900196564629566,-3.46720015527657,-4.10500280223417,-0.117795127725465,-1.01626124946186,0.0660896433634935,-0.194380653828736,0.0287120968932936,0.0289353386318216
"2020-01-01",-3.51155953227241,-1.64028495313226,6.57208862680414,2.27906964734213,0.495758662504965,-0.487417867304906,-0.211253150767308,-2.36627582949394,-2.89788057659691,-3.52147979712765,4.27041367634789,-5.02969593510015,-1.79013999316518,0.157457154651711,-0.446942075455113,1.03030315432533,-0.554725591781297,0.184516676440371
"2020-01-02",3.56781478821859,-1.05921717495721,0.544702320758617,1.402755636233,-0.677039970612094,-0.820475261076165,-0.856955064021502,-1.13131044261262,-1.17722111769834,2.7642094823793,7.53973337392681,0.939191763741972,2.98952854287234,0.700690153801047,0.421485541127166,-0.137361989597896,-0.777647932696923,0.223872320122616
"2020-01-03",-1.03912988215489,-0.00285771635224386,-2.34283810706656,1.77054169711212,-1.16800565116018,17.4132686804709,1.70817722633058,4.02315408000194,-5.16093731922691,-0.207809254140667,-7.27075422835924,5.99827744558993,-0.479681089476274,0.0120867082291934,-0.107401377975696,0.239014471410334,1.49493354416196,0.274267104677925
"2020-01-04",0.0689449347007844,-0.312434553982499,-0.769609591160092,-2.78704112766248,1.8166489537446,2.63881027952797,5.33094789616802,5.587489937458,-0.396581270047728,2.77602181041701,-0.976846635866906,24.6374619588649,-0.762667597660037,1.90921710540321,-0.0728364749191943,-0.49630850401757,0.326399462808953,-0.17313158855819
"2020-01-05",-7.71771001811173,2.37799280791876,0.224673388405927,0.286947143512593,1.85394137102153,0.0748529645284499,1.427410827625,0.520260755705827,3.20988872268628,-3.39802657319344,6.68548302243821,4.01350056009778,-0.414065784294925,1.19484103586571,0.04696627866367,0.666336792062466,-0.965966444576951,0.173026384368476
"2020-01-06",0.990095606157126,1.98726215031509,-5.86901513775153,3.01958524943338,4.1395171955325,1.08944029812046,-0.346074810826176,-1.32216174265607,2.94681608616733,0.726950694024939,1.67582936393536,-2.54377423441986,-0.105728134731513,-0.0729424983105785,0.603165890525266,-0.191497310419386,-0.00883944467981865,0.536881634809689
"2020-01-07",5.06633284614394,2.38600340242466,-1.75219524359797,2.01538842459732,3.37245524544765,3.41982510900197,-2.0142953281886,-1.26984138165079,-0.895202489783049,1.06246779358396,1.71880520904978,-5.41685055346919,1.36050186807296,-0.30241838796325,0.343160118346647,-0.208520485561344,0.0224432540460758,0.429692687079049
"2020-01-08",4.82063872014879,1.23758098586217,2.78110342589219,-5.14616440274987,3.78382311559185,0.630309659947478,-0.420783343249461,0.777513069146043,0.956625747399666,-1.32704003460339,-1.53631422465461,-2.94934384541742,-1.58044630519035,-0.0927407282425055,-0.494332831771067,-0.32506913819953,0.253770327879251,-0.208431387153722
"2020-01-09",3.36441856940487,0.615473536672827,-3.10663844349047,-0.202487705058049,-1.91007139923484,-1.52762129461978,0.435888880534514,-0.280390005720073,1.70319437543103,0.0202931603119059,-0.949329567226094,-3.48182691191505,0.425958640460286,-0.358663601530448,0.355885584808559,-0.383731727284718,-0.0388869654865459,-0.110874129927021
"2020-01-10",-2.51449265879716,-0.0451222188175908,-0.83714168391559,-0.229277743602417,-8.32784536902703,-7.51994973234271,-1.48185528917673,-2.6058907372834,3.21705253824159,-1.30124601153503,-8.73718676800853,-5.77829990414384,1.23947261605535,-1.90770245073906,-0.234294024489946,-0.427816399208804,0.279579938554558,-0.7220898409361
"2020-01-11",-6.28814487930135,-6.81096803178755,1.32707686816284,-2.30868918193629,1.62277948419318,2.17190932945914,0.863555244236986,2.54229391833983,-3.47961512035389,-0.149101128585259,-2.20925497063796,1.4515191101932,0.15824885157683,0.192494218691338,-0.548540152577383,0.413990945051202,0.519284401987465,0.357722814779522
"2020-01-12",-3.36260211315875,1.50216532670792,-0.319954450386277,-0.688706707425542,-0.335929508146375,1.77856952857821,-0.319034230574107,-1.17570690071255,-1.22520878248007,3.42759832760249,0.104601383223383,-0.848923160454564,1.60135690780709,-0.153162366845164,0.0633566006222946,0.128809432668708,0.058244209221756,-0.0154739933439879
"2021-01-01",-1.71917958674691,-2.02957852616569,5.32187376499138,3.07040722941346,-1.66257297637204,1.37271099860091,0.894765661824607,0.370245018517657,3.18404329840497,-3.03304707891578,1.92070045019108,0.503290489075608,-2.99721467972315,0.495841656911368,-0.298407148859368,0.503753890560877,-0.115104132966779,-0.104081314139271
"2021-01-02",1.64659552278755,-1.57490767858249,-1.42245208191201,-0.979305512884401,-0.184371975390789,2.11058143437603,0.262536551185323,0.680661698736685,-0.800859233293025,1.19793305947681,0.817124775439666,4.78085034308912,1.85704230560383,0.379778662336939,0.0478564525215622,-0.334930522153946,0.038929552536134,0.131699918491084
"2021-01-03",2.32605164145752,-1.64494515056938,-2.02693205059507,2.21508181680597,-5.02433802184057,-1.58474679453057,-5.15885835584769,-2.08942248531104,-2.49013742541816,0.171205181842476,-1.36625819917671,-2.85139181989153,-1.53757887745532,-1.11988527941834,0.112507496661685,-0.107232558864233,0.336418973009534,-0.221427589763851
"2021-01-04",-4.4158844338139,0.709721389924396,0.858148499089578,-2.75194131520623,-3.00769549435334,-10.0874054828902,0.237767165211079,-0.861405219411349,-0.325891605907154,3.14546423853597,1.2070125852693,-1.29235860503449,0.218764816188946,-0.188016223219774,0.116894276242032,0.13615113195356,-0.596567491291288,-0.540189224662896
"2021-01-05",-7.05255027875351,2.06439212994968,2.16428351243377,-0.0873933512687644,-5.93841515449396,3.62043691469348,0.108084947889387,-3.26495299271989,1.68046815715868,-4.03815615293867,3.14870543552807,1.00352869778036,-0.393303168617918,0.229852032582244,-0.325967135964403,0.70193706439418,-0.5966717524958,-0.384849678559979
"2021-01-06",-4.4456980118797,0.0403888769330445,-5.62551602947293,1.1551852747737,-4.67186476861522,1.10018821924004,-1.29648456733021,-0.868589956264257,0.954921819014036,0.18681187048288,3.43415000563708,-1.20674926841981,-1.08584712364711,0.0402966909557418,0.575839677595203,0.33061678202615,-0.254444138451978,-0.0790025850282615
"2021-01-07",-7.47041412928795,-1.19414246637036,-2.20480715106862,1.66092897005933,-8.45795215733229,-8.10426299892391,-0.595788961461061,-2.57748406044146,-0.349570458562035,1.62231972624506,-3.22777592063667,-1.73282875915166,1.37950127456476,-1.09676885971325,0.194023689270075,0.169303140917476,-0.191384253958095,-0.459052087469682
"2021-01-08",-6.49439418551648,1.78113650664643,1.53992279931793,-6.91039594751242,-7.72446769748585,-5.8164710356601,-1.45077665295086,-2.0588995729855,1.89662875561265,-1.67127503381154,-1.67970712958123,-2.00390617899253,-1.6328086623213,-0.659344794932169,-0.524458712557227,0.191864125433298,-0.317041914223953,-1.14774707642273
"2021-01-09",1.27109973350623,0.282730447036371,-1.13638778916833,-1.37649134004516,-13.0962456226103,0.102905422090934,-5.04260410559583,-4.6455726111925,-0.962431639364009,1.77197122923451,-4.28953424739289,-5.27497337338281,0.302234519706595,-1.76293415528902,-0.0754321352524262,-0.329633405034773,0.424814307174255,-1.03897838976512
"2021-01-10",-0.698012903929246,-1.45427799659688,-3.59995835483993,6.33009447717382,31.4741447780356,-0.341434940400532,-3.38114464065275,0.509911298138539,2.64689213773245,-0.479922387830217,-0.50575821499838,-10.7846803808299,2.04316397503638,-0.441208223527797,-0.142730252901028,-0.192857079078096,0.698857837757141,2.86712495275916
"2021-01-11",-0.561866533666887,-6.29653649770966,0.831192871992021,-1.0159411053967,7.41293400169385,2.89841219663275,-9.4565304725847,-8.86091940534386,-5.95430990657712,0.741868049901768,-5.40619318445087,-6.76809538171108,0.889355690292578,-2.2528696724149,-1.32814163098728,-0.225165234098602,1.34193659383793,0.846242134012724
"2021-01-12",-9.45096118784513,1.84515879348354,-1.47410862476689,1.37620828069463,-3.39460308665804,0.781491618845337,-10.4118917968492,-11.5215274528015,-1.7819447066664,0.363519619970155,-10.4218687376989,-7.12617859484472,0.284538859123893,-3.45666245603029,-1.05632014739857,0.0660084893612463,1.25102428548041,-0.213170364315994
"2022-01-01",20.3778239182459,-2.85802312669233,4.50944941240097,1.90748912911421,-2.57007465089603,-4.34794768803846,-12.9708637539038,-12.9181827619766,1.54526623625556,-4.05217367266748,0.0646984221593385,-16.8316058878004,-3.36195761580529,-2.82386611759588,-0.81437269346903,-1.14357038239216,0.378254842915789,-0.33464659288373
"2022-01-02",14.7724569272817,-0.310155592525604,0.209747192901467,-1.43493214150923,-7.30777980154176,5.77251990398801,-7.5726790398116,-2.47944555469872,-0.626501638025267,2.23166727459793,-2.11117552029074,-8.14940986610033,2.4926889237188,-1.47737098037413,-0.00822876932868749,-1.20750332763103,0.671064033295728,-0.540196492752393
"2022-01-03",-4.51922905454688,-0.286996377928975,4.04989085162231,1.46674665985557,8.63634800038148,25.4597888313327,72.0363398778869,69.8787907883124,0.497354827266763,0.257800205836422,23.6331432373942,53.6229841386056,-0.901542705143241,17.2903870909881,5.06502016865353,3.20101954991145,-3.47943589974405,1.17338907931015
"2022-01-04",5.60966038732116,1.59170762238139,1.60697608607348,-3.54566456330785,2.63990936284874,-2.420621360251,1.03760465203186,-4.72710787601969,0.392765837157452,1.28844996949686,4.54003881518577,3.4593881315995,0.907122984482793,0.499816030789242,-0.198940682530891,-0.470753584530358,-0.611011432928065,-0.0851893206882558
"2022-01-05",8.84382005952099,4.47041582222325,0.585115784184211,-3.9265046905216,-13.3038914623119,-0.0905304658913764,-7.48743831220363,-6.96457157956002,1.13029079060297,-2.83877971501083,-2.18464354120989,-5.9673537874488,-0.652623004342301,-1.87595495772183,-0.368660744108676,-0.762066614571946,-0.0199479886441364,-1.42938051070791
"2022-01-06",10.0508546506177,5.96170105714183,-5.11011294002304,0.5344920653255,-6.44183253044825,1.00704633129887,-0.912605450328282,7.15185734546873,0.342100134679367,1.41595880738738,-1.40076160175427,4.23450995456779,-1.29090401239322,0.161054999942919,1.10180115117408,-0.770346925914153,0.141411085488973,-0.773150886972445
"2022-01-07",9.62632085743246,3.24245820177365,1.40516675608071,0.258653890415754,-1.63241137318047,-2.57957939422138,-2.23250746736418,-0.83697087013536,-1.02503646067566,0.881237162126237,3.4357498413186,14.1205721720527,2.22870733279692,0.577093845244219,0.0528058550053468,-0.953187151762024,-0.566351889098417,-0.340068546128379
"2022-01-08",-5.08044313950212,2.96870461884296,1.58677727597678,1.88739663407447,18.3848060390035,-4.8806646225354,3.81631833636845,4.24717747925339,6.21562472055153,0.606744796586896,6.09854748816268,13.0352402965217,-2.73426663466274,2.19800097172328,0.0215027330806249,0.196752281456267,-0.532225735073839,0.979993939111187
"2022-01-09",-4.99773316118547,-0.778733996714589,0.347347257000031,8.62136890277219,38.2967610662166,-5.55016535636218,-1.87169562105409,-3.77393169702081,-1.64897370737263,1.06909345415021,-0.396550773860341,4.94991864644134,1.25011251679154,0.0236234033158526,-0.784157837458,0.0547955570523693,0.5595678644479,3.2107862353403
"2022-01-10",-9.05308768620059,4.56144455091184,-2.49392817937138,0.443644212829767,6.37235574896637,-2.29334555235246,0.798689214239065,1.03471541366515,0.0675238076152525,-1.14659120889849,-0.934705673944222,-5.80822442259787,1.01628786507633,-0.291828977171982,0.165686134971082,0.604682125041286,-0.280902676985017,0.498245502739307
"2022-01-11",-6.00318320351786,-3.20362695894128,0.559518176760761,-2.78670187690216,-1.18365074527147,0.647661751182014,1.73222875265719,-2.68295208846234,-1.42650449880289,-0.888591817150469,-3.15707157587511,-5.04007548507123,-0.112274526712464,-0.56608290230381,-0.51073327954793,0.421147813278122,0.274540223906725,0.0103559965674674
"2022-01-12",-4.10389645693922,1.31716506479886,-1.17184732415268,-0.220981698898395,-11.2791765107568,4.68632426640779,1.47283502035678,2.06974090910618,-1.08958827304648,1.81941690741412,-2.35927525132811,1.09452956268578,0.277461710142321,-0.0974802136320565,0.353749463696365,0.30426529263336,0.190736816841677,-0.781997227957471
"2023-01-01",6.51327004990867,-4.00692012283006,4.38564670886066,-0.516130058566377,-9.74263675212821,-1.28753194746281,-4.39016934473383,-2.91361335504271,0.402173695721158,-3.50991923072732,-3.05923621367475,-7.11820946937928,-3.37448169676339,-1.3161609292636,-0.562943200999225,-0.203687229325114,0.404552038711272,-0.860190360531979
"2023-01-02",4.41219559569483,-3.01728705485261,-2.43566585798591,-2.48391584571644,-11.3232925546646,3.15741023628742,-1.8110442325533,-1.79247212319828,-0.4829115021184,1.85100539927081,2.60620359528356,-4.81294699982495,2.43238320971922,-0.294088029674032,0.362063058813784,-0.378407373561218,-0.177107178348085,-0.566000499886902
